audio_path,transcript
/toeic-learning-tool/E200/001_025/s200_001_en-US-Journey-D.mp3,"1. Would you mind if I opened the window?"
/toeic-learning-tool/E200/001_025/s200_002_en-US-Journey-D.mp3,"2. Have you taken a look at the spreadsheet?"
/toeic-learning-tool/E200/001_025/s200_003_en-US-Journey-D.mp3,"3. The marketing team needs more time for planning."
/toeic-learning-tool/E200/001_025/s200_004_en-US-Journey-D.mp3,"4. Could you send me last month's sales report?"
/toeic-learning-tool/E200/001_025/s200_005_en-US-Journey-D.mp3,"5. I'll get back to you next Wednesday."
/toeic-learning-tool/E200/001_025/s200_006_en-US-Journey-D.mp3,"6. When does the annual budget meeting usually start?"
/toeic-learning-tool/E200/001_025/s200_007_en-US-Journey-D.mp3,"7. The computer system will be upgraded next month."
/toeic-learning-tool/E200/001_025/s200_008_en-US-Journey-D.mp3,"8. Did you receive an email from the client?"
/toeic-learning-tool/E200/001_025/s200_009_en-US-Journey-D.mp3,"9. We should check availability at the conference room."
/toeic-learning-tool/E200/001_025/s200_010_en-US-Journey-D.mp3,"10. The executive board has postponed their final decision."
/toeic-learning-tool/E200/001_025/s200_011_en-US-Journey-D.mp3,"11. Would you like some coffee from the lounge?"
/toeic-learning-tool/E200/001_025/s200_012_en-US-Journey-D.mp3,"12. The printer needs maintenance from technical support staff."
/toeic-learning-tool/E200/001_025/s200_013_en-US-Journey-D.mp3,"13. Have you finished reviewing the expense reports yet?"
/toeic-learning-tool/E200/001_025/s200_014_en-US-Journey-D.mp3,"14. Our department must improve customer satisfaction levels."
/toeic-learning-tool/E200/001_025/s200_015_en-US-Journey-D.mp3,"15. Could you assist me with these documents now?"
/toeic-learning-tool/E200/001_025/s200_016_en-US-Journey-D.mp3,"16. The manager wants updates about project deadlines soon."
/toeic-learning-tool/E200/001_025/s200_017_en-US-Journey-D.mp3,"17. Is everybody ready for the morning presentation now?"
/toeic-learning-tool/E200/001_025/s200_018_en-US-Journey-D.mp3,"18. Each employee should attend the safety training course."
/toeic-learning-tool/E200/001_025/s200_019_en-US-Journey-D.mp3,"19. Can marketing teams launch seasonal campaigns next month?"
/toeic-learning-tool/E200/001_025/s200_020_en-US-Journey-D.mp3,"20. Shall I forward this message to headquarters now?"
/toeic-learning-tool/E200/001_025/s200_021_en-US-Journey-D.mp3,"21. The telephone system needs an immediate upgrade now."
/toeic-learning-tool/E200/001_025/s200_022_en-US-Journey-D.mp3,"22. Your package should arrive by express delivery tomorrow."
/toeic-learning-tool/E200/001_025/s200_023_en-US-Journey-D.mp3,"23. Can I schedule the interview next Tuesday afternoon?"
/toeic-learning-tool/E200/001_025/s200_024_en-US-Journey-D.mp3,"24. Would you prefer lunch at twelve or one?"
/toeic-learning-tool/E200/001_025/s200_025_en-US-Journey-D.mp3,"25. The network connection seems unstable right now."
/toeic-learning-tool/E200/026_050/s200_026_en-US-Journey-D.mp3,"26. Have they confirmed the reservation by email yet?"
/toeic-learning-tool/E200/026_050/s200_027_en-US-Journey-D.mp3,"27. Our receptionist always answers calls very promptly."
/toeic-learning-tool/E200/026_050/s200_028_en-US-Journey-D.mp3,"28. The scanner needs repair before tomorrow morning."
/toeic-learning-tool/E200/026_050/s200_029_en-US-Journey-D.mp3,"29. Digital payment methods transform business transactions efficiently."
/toeic-learning-tool/E200/026_050/s200_030_en-US-Journey-D.mp3,"30. The cafeteria serves breakfast until nine thirty today."
/toeic-learning-tool/E200/026_050/s200_031_en-US-Journey-D.mp3,"31. Could we reschedule our team building activity soon?"
/toeic-learning-tool/E200/026_050/s200_032_en-US-Journey-D.mp3,"32. A consultant needs access to our database now."
/toeic-learning-tool/E200/026_050/s200_033_en-US-Journey-D.mp3,"33. Should everyone attend diversity training next month?"
/toeic-learning-tool/E200/026_050/s200_034_en-US-Journey-D.mp3,"34. Where shall we display our exhibition materials first?"
/toeic-learning-tool/E200/026_050/s200_035_en-US-Journey-D.mp3,"35. Our supervisor wants suggestions about new policies now."
/toeic-learning-tool/E200/026_050/s200_036_en-US-Journey-D.mp3,"36. Have they installed security cameras upstairs yet?"
/toeic-learning-tool/E200/026_050/s200_037_en-US-Journey-D.mp3,"37. This photocopier requires immediate technical assistance now."
/toeic-learning-tool/E200/026_050/s200_038_en-US-Journey-D.mp3,"38. Will everyone join our appreciation ceremony tomorrow?"
/toeic-learning-tool/E200/026_050/s200_039_en-US-Journey-D.mp3,"39. The elevator needs inspection before next weekend."
/toeic-learning-tool/E200/026_050/s200_040_en-US-Journey-D.mp3,"40. Are these regulations applicable until further notice?"
/toeic-learning-tool/E200/026_050/s200_041_en-US-Journey-D.mp3,"41. Your identification badge expires next calendar month."
/toeic-learning-tool/E200/026_050/s200_042_en-US-Journey-D.mp3,"42. Can everybody access wireless internet from here?"
/toeic-learning-tool/E200/026_050/s200_043_en-US-Journey-D.mp3,"43. Our department stores documents quite efficiently now."
/toeic-learning-tool/E200/026_050/s200_044_en-US-Journey-D.mp3,"44. The pantry provides refreshments during lunch break."
/toeic-learning-tool/E200/026_050/s200_045_en-US-Journey-D.mp3,"45. When should interns submit their progress reports?"
/toeic-learning-tool/E200/026_050/s200_046_en-US-Journey-D.mp3,"46. The auditorium requires advance booking from staff."
/toeic-learning-tool/E200/026_050/s200_047_en-US-Journey-D.mp3,"47. How long does orientation last this year?"
/toeic-learning-tool/E200/026_050/s200_048_en-US-Journey-D.mp3,"48. Our branch implements flextime starting next week."
/toeic-learning-tool/E200/026_050/s200_049_en-US-Journey-D.mp3,"49. Shall we distribute pamphlets at reception desk?"
/toeic-learning-tool/E200/026_050/s200_050_en-US-Journey-D.mp3,"50. The steering committee meets every Tuesday morning."
/toeic-learning-tool/E200/051_075/s200_051_en-US-Journey-D.mp3,"51. Would you chair tomorrow's department strategy session?"
/toeic-learning-tool/E200/051_075/s200_052_en-US-Journey-D.mp3,"52. Our project timeline requires immediate attention today."
/toeic-learning-tool/E200/051_075/s200_053_en-US-Journey-D.mp3,"53. Should consultants attend our stakeholder review meeting?"
/toeic-learning-tool/E200/051_075/s200_054_en-US-Journey-D.mp3,"54. The procurement division presents their budget forecast."
/toeic-learning-tool/E200/051_075/s200_055_en-US-Journey-D.mp3,"55. When does implementation phase begin this quarter?"
/toeic-learning-tool/E200/051_075/s200_056_en-US-Journey-D.mp3,"56. Their analytics team monitors performance each month."
/toeic-learning-tool/E200/051_075/s200_057_en-US-Journey-D.mp3,"57. How should developers approach this software upgrade?"
/toeic-learning-tool/E200/051_075/s200_058_en-US-Journey-D.mp3,"58. Our logistics partner suggests alternative delivery routes."
/toeic-learning-tool/E200/051_075/s200_059_en-US-Journey-D.mp3,"59. Could investors visit manufacturing plants next month?"
/toeic-learning-tool/E200/051_075/s200_060_en-US-Journey-D.mp3,"60. The innovation workshop includes practical exercises today."
/toeic-learning-tool/E200/051_075/s200_061_en-US-Journey-D.mp3,"61. Are compliance guidelines updated this fiscal year?"
/toeic-learning-tool/E200/051_075/s200_062_en-US-Journey-D.mp3,"62. Each franchise owner attends leadership development seminars."
/toeic-learning-tool/E200/051_075/s200_063_en-US-Journey-D.mp3,"63. Will participants receive certification after completion?"
/toeic-learning-tool/E200/051_075/s200_064_en-US-Journey-D.mp3,"64. Our sustainability goals require continuous improvement efforts."
/toeic-learning-tool/E200/051_075/s200_065_en-US-Journey-D.mp3,"65. Which consultant handles acquisition strategy planning now?"
/toeic-learning-tool/E200/051_075/s200_066_en-US-Journey-D.mp3,"66. The methodology framework needs expert evaluation soon."
/toeic-learning-tool/E200/051_075/s200_067_en-US-Journey-D.mp3,"67. Have stakeholders approved infrastructure expansion plans yet?"
/toeic-learning-tool/E200/051_075/s200_068_en-US-Journey-D.mp3,"68. Our merchandise display attracts potential customers well."
/toeic-learning-tool/E200/051_075/s200_069_en-US-Journey-D.mp3,"69. Shall accountants verify transaction records this week?"
/toeic-learning-tool/E200/051_075/s200_070_en-US-Journey-D.mp3,"70. Our merchandise exports exceed forecasts this quarter."
/toeic-learning-tool/E200/051_075/s200_071_en-US-Journey-D.mp3,"71. Can distributors guarantee worldwide product availability?"
/toeic-learning-tool/E200/051_075/s200_072_en-US-Journey-D.mp3,"72. Their advertisement campaign launches next broadcast season."
/toeic-learning-tool/E200/051_075/s200_073_en-US-Journey-D.mp3,"73. When should applicants expect interview result notices?"
/toeic-learning-tool/E200/051_075/s200_074_en-US-Journey-D.mp3,"74. Have shareholders approved international merger plans yet?"
/toeic-learning-tool/E200/051_075/s200_075_en-US-Journey-D.mp3,"75. Our recruitment website attracts overseas candidates well."
/toeic-learning-tool/E200/076_100/s200_076_en-US-Journey-D.mp3,"76. Will economists present market analysis next week?"
/toeic-learning-tool/E200/076_100/s200_077_en-US-Journey-D.mp3,"77. The portfolio manager suggests alternative investment strategies."
/toeic-learning-tool/E200/076_100/s200_078_en-US-Journey-D.mp3,"78. Should franchisees attend regional marketing seminars?"
/toeic-learning-tool/E200/076_100/s200_079_en-US-Journey-D.mp3,"79. Their compensation package includes performance incentives now."
/toeic-learning-tool/E200/076_100/s200_080_en-US-Journey-D.mp3,"80. How effectively does advertising reach target audiences now?"
/toeic-learning-tool/E200/076_100/s200_081_en-US-Journey-D.mp3,"81. Our logistics network requires international certification soon."
/toeic-learning-tool/E200/076_100/s200_082_en-US-Journey-D.mp3,"82. Can headquarters support overseas expansion next year?"
/toeic-learning-tool/E200/076_100/s200_083_en-US-Journey-D.mp3,"83. Their promotional strategy targets millennial consumers well."
/toeic-learning-tool/E200/076_100/s200_084_en-US-Journey-D.mp3,"84. Would subsidiaries accept revised payment terms now?"
/toeic-learning-tool/E200/076_100/s200_085_en-US-Journey-D.mp3,"85. European branches request additional personnel support."
/toeic-learning-tool/E200/076_100/s200_086_en-US-Journey-D.mp3,"86. Where should executives conduct stakeholder feedback sessions?"
/toeic-learning-tool/E200/076_100/s200_087_en-US-Journey-D.mp3,"87. The acquisition specialist negotiates partnership agreements well."
/toeic-learning-tool/E200/076_100/s200_088_en-US-Journey-D.mp3,"88. Are regulation changes affecting franchise opportunities now?"
/toeic-learning-tool/E200/076_100/s200_089_en-US-Journey-D.mp3,"89. Each representative understands customer retention strategies well."
/toeic-learning-tool/E200/076_100/s200_090_en-US-Journey-D.mp3,"90. Have technicians resolved network connectivity issues yet?"
/toeic-learning-tool/E200/076_100/s200_091_en-US-Journey-D.mp3,"91. Our helpdesk provides instant technical assistance now."
/toeic-learning-tool/E200/076_100/s200_092_en-US-Journey-D.mp3,"92. Should developers update encryption protocols this month?"
/toeic-learning-tool/E200/076_100/s200_093_en-US-Journey-D.mp3,"93. Quality inspectors examine manufacturing defect rates daily."
/toeic-learning-tool/E200/076_100/s200_094_en-US-Journey-D.mp3,"94. Can researchers conduct usability testing next week?"
/toeic-learning-tool/E200/076_100/s200_095_en-US-Journey-D.mp3,"95. The database administrator monitors system performance levels."
/toeic-learning-tool/E200/076_100/s200_096_en-US-Journey-D.mp3,"96. When should operators install security patch updates?"
/toeic-learning-tool/E200/076_100/s200_097_en-US-Journey-D.mp3,"97. Our laboratory conducts breakthrough research development tests."
/toeic-learning-tool/E200/076_100/s200_098_en-US-Journey-D.mp3,"98. Would customers prefer automated response systems now?"
/toeic-learning-tool/E200/076_100/s200_099_en-US-Journey-D.mp3,"99. Each prototype requires extensive reliability testing soon."
/toeic-learning-tool/E200/076_100/s200_100_en-US-Journey-D.mp3,"100. How efficiently does sensor data processing work now?"
/toeic-learning-tool/E200/101_125/s200_101_en-US-Journey-D.mp3,"101. The interface designer enhances user experience features."
/toeic-learning-tool/E200/101_125/s200_102_en-US-Journey-D.mp3,"102. Are bandwidth limitations affecting application performance now?"
/toeic-learning-tool/E200/101_125/s200_103_en-US-Journey-D.mp3,"103. Their algorithms optimize machine learning processes well."
/toeic-learning-tool/E200/101_125/s200_104_en-US-Journey-D.mp3,"104. Should specialists upgrade analytical software this week?"
/toeic-learning-tool/E200/101_125/s200_105_en-US-Journey-D.mp3,"105. Our authentication protocol prevents unauthorized access well."
/toeic-learning-tool/E200/101_125/s200_106_en-US-Journey-D.mp3,"106. Will engineers implement cloud migration strategies soon?"
/toeic-learning-tool/E200/101_125/s200_107_en-US-Journey-D.mp3,"107. The diagnostic tool identifies performance bottlenecks fast."
/toeic-learning-tool/E200/101_125/s200_108_en-US-Journey-D.mp3,"108. Does encryption software meet compliance standards now?"
/toeic-learning-tool/E200/101_125/s200_109_en-US-Journey-D.mp3,"109. Remote monitoring systems ensure constant data collection."
/toeic-learning-tool/E200/101_125/s200_110_en-US-Journey-D.mp3,"110. How effectively does marketplace analytics track user behavior?"
/toeic-learning-tool/E200/101_125/s200_111_en-US-Journey-D.mp3,"111. Online shoppers prefer mobile payment methods now."
/toeic-learning-tool/E200/101_125/s200_112_en-US-Journey-D.mp3,"112. Should developers optimize checkout process this month?"
/toeic-learning-tool/E200/101_125/s200_113_en-US-Journey-D.mp3,"113. Our platform supports multiple currency transactions well."
/toeic-learning-tool/E200/101_125/s200_114_en-US-Journey-D.mp3,"114. Will influencers promote seasonal discount campaigns soon?"
/toeic-learning-tool/E200/101_125/s200_115_en-US-Journey-D.mp3,"115. Digital advertisements generate substantial conversion rates now."
/toeic-learning-tool/E200/101_125/s200_116_en-US-Journey-D.mp3,"116. Can algorithms personalize product recommendations better?"
/toeic-learning-tool/E200/101_125/s200_117_en-US-Journey-D.mp3,"117. Social media engagement increases brand awareness well."
/toeic-learning-tool/E200/101_125/s200_118_en-US-Journey-D.mp3,"118. Have affiliates submitted partnership applications yet?"
/toeic-learning-tool/E200/101_125/s200_119_en-US-Journey-D.mp3,"119. The newsletter campaign achieves high subscription rates."
/toeic-learning-tool/E200/101_125/s200_120_en-US-Journey-D.mp3,"120. Does chatbot integration improve customer experience now?"
/toeic-learning-tool/E200/101_125/s200_121_en-US-Journey-D.mp3,"121. Mobile notifications enhance user retention quite well."
/toeic-learning-tool/E200/101_125/s200_122_en-US-Journey-D.mp3,"122. When should marketplace sellers update pricing strategies?"
/toeic-learning-tool/E200/101_125/s200_123_en-US-Journey-D.mp3,"123. App analytics measure conversion optimization progress well."
/toeic-learning-tool/E200/101_125/s200_124_en-US-Journey-D.mp3,"124. Will subscribers receive personalized content next week?"
/toeic-learning-tool/E200/101_125/s200_125_en-US-Journey-D.mp3,"125. Their livestream platform attracts international audiences well."
/toeic-learning-tool/E200/126_150/s200_126_en-US-Journey-D.mp3,"126. Are checkout plugins compatible with payment gateways?"
/toeic-learning-tool/E200/126_150/s200_127_en-US-Journey-D.mp3,"127. Cloud storage options provide scalable business solutions."
/toeic-learning-tool/E200/126_150/s200_128_en-US-Journey-D.mp3,"128. Should marketers implement retargeting campaigns this quarter?"
/toeic-learning-tool/E200/126_150/s200_129_en-US-Journey-D.mp3,"129. Website optimization increases conversion rates effectively now."
/toeic-learning-tool/E200/126_150/s200_130_en-US-Journey-D.mp3,"130. Our dashboard visualizes customer satisfaction metrics clearly."
/toeic-learning-tool/E200/126_150/s200_131_en-US-Journey-D.mp3,"131. Where should advertisers place programmatic display banners?"
/toeic-learning-tool/E200/126_150/s200_132_en-US-Journey-D.mp3,"132. Behavioral analytics predict purchasing patterns quite well."
/toeic-learning-tool/E200/126_150/s200_133_en-US-Journey-D.mp3,"133. Can sentiment analysis track brand reputation now?"
/toeic-learning-tool/E200/126_150/s200_134_en-US-Journey-D.mp3,"134. Interactive tutorials enhance onboarding experience significantly."
/toeic-learning-tool/E200/126_150/s200_135_en-US-Journey-D.mp3,"135. How effectively does campaign measure performance now?"
/toeic-learning-tool/E200/126_150/s200_136_en-US-Journey-D.mp3,"136. Engagement metrics indicate successful content strategy well."
/toeic-learning-tool/E200/126_150/s200_137_en-US-Journey-D.mp3,"137. Should analysts monitor demographic response patterns daily?"
/toeic-learning-tool/E200/126_150/s200_138_en-US-Journey-D.mp3,"138. Conversion funnels identify customer decision points well."
/toeic-learning-tool/E200/126_150/s200_139_en-US-Journey-D.mp3,"139. Will heatmaps reveal website navigation problems soon?,"
/toeic-learning-tool/E200/126_150/s200_140_en-US-Journey-D.mp3,"140. Click tracking identifies abandoned checkout reasons well."
/toeic-learning-tool/E200/126_150/s200_141_en-US-Journey-D.mp3,"141. Does segmentation improve email campaign effectiveness now?"
/toeic-learning-tool/E200/126_150/s200_142_en-US-Journey-D.mp3,"142. Audience targeting optimizes advertising spend quite effectively."
/toeic-learning-tool/E200/126_150/s200_143_en-US-Journey-D.mp3,"143. Will personalization increase subscription renewal rates soon?"
/toeic-learning-tool/E200/126_150/s200_144_en-US-Journey-D.mp3,"144. Automated responses handle customer inquiries quite well."
/toeic-learning-tool/E200/126_150/s200_145_en-US-Journey-D.mp3,"145. Should marketplaces implement dynamic pricing strategies now?"
/toeic-learning-tool/E200/126_150/s200_146_en-US-Journey-D.mp3,"146. User authentication prevents unauthorized access attempts well."
/toeic-learning-tool/E200/126_150/s200_147_en-US-Journey-D.mp3,"147. Have developers fixed compatibility issues this week?"
/toeic-learning-tool/E200/126_150/s200_148_en-US-Journey-D.mp3,"148. Predictive analytics guide marketing investment decisions well."
/toeic-learning-tool/E200/126_150/s200_149_en-US-Journey-D.mp3,"149. When should advertisers optimize bidding algorithms again?"
/toeic-learning-tool/E200/126_150/s200_150_en-US-Journey-D.mp3,"150. How regularly updates firewall configuration this month?"
/toeic-learning-tool/E200/151_175/s200_151_en-US-Journey-D.mp3,"151. Digital transformation requires extensive employee training now."
/toeic-learning-tool/E200/151_175/s200_152_en-US-Journey-D.mp3,"152. Should vulnerabilities scan schedule include weekends too?"
/toeic-learning-tool/E200/151_175/s200_153_en-US-Journey-D.mp3,"153. Remote collaboration tools enhance team productivity well."
/toeic-learning-tool/E200/151_175/s200_154_en-US-Journey-D.mp3,"154. Will encryption standards protect sensitive information better?"
/toeic-learning-tool/E200/151_175/s200_155_en-US-Journey-D.mp3,"155. Virtual workspaces facilitate international team meetings well."
/toeic-learning-tool/E200/151_175/s200_156_en-US-Journey-D.mp3,"156. Can authentication protocols prevent unauthorized system access?"
/toeic-learning-tool/E200/151_175/s200_157_en-US-Journey-D.mp3,"157. Cloud migration improves operational efficiency quite well."
/toeic-learning-tool/E200/151_175/s200_158_en-US-Journey-D.mp3,"158. When should administrators implement access control policies?"
/toeic-learning-tool/E200/151_175/s200_159_en-US-Journey-D.mp3,"159. Digital certificates validate secure website connections well."
/toeic-learning-tool/E200/151_175/s200_160_en-US-Journey-D.mp3,"160. Have employees completed cybersecurity awareness training yet?"
/toeic-learning-tool/E200/151_175/s200_161_en-US-Journey-D.mp3,"161. Collaborative platforms streamline project workflow processes well."
/toeic-learning-tool/E200/151_175/s200_162_en-US-Journey-D.mp3,"162. Does blockchain technology ensure transaction data integrity?"
/toeic-learning-tool/E200/151_175/s200_163_en-US-Journey-D.mp3,"163. Network monitoring detects suspicious activity patterns well."
/toeic-learning-tool/E200/151_175/s200_164_en-US-Journey-D.mp3,"164. Will videoconferencing replace traditional office meetings soon?"
/toeic-learning-tool/E200/151_175/s200_165_en-US-Journey-D.mp3,"165. Password management systems increase security compliance effectively."
/toeic-learning-tool/E200/151_175/s200_166_en-US-Journey-D.mp3,"166. Should organizations implement multifactor authentication now?"
/toeic-learning-tool/E200/151_175/s200_167_en-US-Journey-D.mp3,"167. Digital signatures authorize electronic document transfers securely."
/toeic-learning-tool/E200/151_175/s200_168_en-US-Journey-D.mp3,"168. Are cybersecurity measures protecting cloud data effectively?"
/toeic-learning-tool/E200/151_175/s200_169_en-US-Journey-D.mp3,"169. Remote desktop protocols enable secure access control well."
/toeic-learning-tool/E200/151_175/s200_170_en-US-Journey-D.mp3,"170. How effectively does the chatbot learn language patterns now?"
/toeic-learning-tool/E200/151_175/s200_171_en-US-Journey-D.mp3,"171. Artificial intelligence streamlines repetitive business operations well."
/toeic-learning-tool/E200/151_175/s200_172_en-US-Journey-D.mp3,"172. Will smart devices automate environmental monitoring soon?"
/toeic-learning-tool/E200/151_175/s200_173_en-US-Journey-D.mp3,"173. Machine learning algorithms predict maintenance schedules accurately."
/toeic-learning-tool/E200/151_175/s200_174_en-US-Journey-D.mp3,"174. Can robotics improve manufacturing quality control now?"
/toeic-learning-tool/E200/151_175/s200_175_en-US-Journey-D.mp3,"175. Innovation labs develop breakthrough technology solutions well."
/toeic-learning-tool/E200/176_200/s200_176_en-US-Journey-D.mp3,"176. Should developers implement neural network architecture now?"
/toeic-learning-tool/E200/176_200/s200_177_en-US-Journey-D.mp3,"177. Automated sensors monitor equipment performance quite efficiently."
/toeic-learning-tool/E200/176_200/s200_178_en-US-Journey-D.mp3,"178. Does quantum computing enable faster data processing?"
/toeic-learning-tool/E200/176_200/s200_179_en-US-Journey-D.mp3,"179. Voice recognition improves customer service interactions well."
/toeic-learning-tool/E200/176_200/s200_180_en-US-Journey-D.mp3,"180. Will augmented reality enhance virtual training experiences?"
/toeic-learning-tool/E200/176_200/s200_181_en-US-Journey-D.mp3,"181. Digital twins simulate production processes quite accurately."
/toeic-learning-tool/E200/176_200/s200_182_en-US-Journey-D.mp3,"182. How effectively tracks biometric authentication system performance?"
/toeic-learning-tool/E200/176_200/s200_183_en-US-Journey-D.mp3,"183. Edge computing reduces network latency quite significantly."
/toeic-learning-tool/E200/176_200/s200_184_en-US-Journey-D.mp3,"184. Should organizations implement predictive maintenance systems now?"
/toeic-learning-tool/E200/176_200/s200_185_en-US-Journey-D.mp3,"185. Gesture recognition enables touchless device interaction well."
/toeic-learning-tool/E200/176_200/s200_186_en-US-Journey-D.mp3,"186. Can holographic displays enhance virtual presentations effectively?"
/toeic-learning-tool/E200/176_200/s200_187_en-US-Journey-D.mp3,"187. Autonomous systems optimize resource allocation quite efficiently."
/toeic-learning-tool/E200/176_200/s200_188_en-US-Journey-D.mp3,"188. Will blockchain platforms revolutionize supply chain tracking?"
/toeic-learning-tool/E200/176_200/s200_189_en-US-Journey-D.mp3,"189. Neural networks process unstructured data quite effectively."
/toeic-learning-tool/E200/176_200/s200_190_en-US-Journey-D.mp3,"190. Digital transformation accelerates business model innovation significantly."
/toeic-learning-tool/E200/176_200/s200_191_en-US-Journey-D.mp3,"191. Will metaverse platforms revolutionize workplace collaboration soon?"
/toeic-learning-tool/E200/176_200/s200_192_en-US-Journey-D.mp3,"192. Sustainable technology reduces environmental impact quite effectively."
/toeic-learning-tool/E200/176_200/s200_193_en-US-Journey-D.mp3,"193. How efficiently do workplace systems perform daily tasks?"
/toeic-learning-tool/E200/176_200/s200_194_en-US-Journey-D.mp3,"194. Quantum technologies enable unprecedented computational capabilities well."
/toeic-learning-tool/E200/176_200/s200_195_en-US-Journey-D.mp3,"195. Should corporations embrace regenerative business practices now?"
/toeic-learning-tool/E200/176_200/s200_196_en-US-Journey-D.mp3,"196. Immersive technologies transform professional training methods effectively."
/toeic-learning-tool/E200/176_200/s200_197_en-US-Journey-D.mp3,"197. Can biotechnology enhance sustainable production processes soon?"
/toeic-learning-tool/E200/176_200/s200_198_en-US-Journey-D.mp3,"198. Digital ecosystems foster collaborative innovation quite successfully."
/toeic-learning-tool/E200/176_200/s200_199_en-US-Journey-D.mp3,"199. Will synthetic intelligence transform decision making processes?"
